epoch,time,train/box_loss,train/pose_loss,train/kobj_loss,train/cls_loss,train/dfl_loss,metrics/precision(B),metrics/recall(B),metrics/mAP50(B),metrics/mAP50-95(B),metrics/precision(P),metrics/recall(P),metrics/mAP50(P),metrics/mAP50-95(P),val/box_loss,val/pose_loss,val/kobj_loss,val/cls_loss,val/dfl_loss,lr/pg0,lr/pg1,lr/pg2
1,26.0752,1.68562,10.3731,0.69317,3.55852,1.4353,0.66665,0.33207,0.22424,0.11887,0,0,0,0,1.543,10.3976,0.67637,2.61783,1.49641,0.00010584,0.00010584,0.00010584
2,32.3549,1.47608,9.17238,0.67733,2.77601,1.32543,0.33532,0.60396,0.24138,0.13473,0,0,0,0,1.52181,9.80911,0.66628,4.63578,1.44566,0.000216124,0.000216124,0.000216124
3,42.1537,1.43672,8.29702,0.66538,2.48518,1.3164,0.64403,0.4859,0.22686,0.12752,0.0002,0.01389,0.0002,2e-05,1.4533,8.52927,0.62851,3.3143,1.40115,0.000324934,0.000324934,0.000324934
4,51.7647,1.39371,7.68814,0.65731,2.39826,1.29611,0.48228,0.44033,0.2828,0.16352,0.338,0.01212,0.00209,0.00024,1.43188,7.44781,0.61477,3.37949,1.45558,0.000432268,0.000432268,0.000432268
5,59.5117,1.34965,7.2455,0.63983,2.3268,1.26259,0.51008,0.375,0.26343,0.15632,0.34256,0.02273,0.00454,0.00047,1.41009,7.16448,0.59517,2.90975,1.48914,0.000538128,0.000538128,0.000538128
6,68.9969,1.34553,6.88429,0.61991,2.25438,1.27045,0.48788,0.43095,0.29404,0.16501,0.54674,0.07689,0.02524,0.00381,1.38717,6.64023,0.56245,2.56922,1.45485,0.000568596,0.000568596,0.000568596
7,76.8978,1.30774,6.48351,0.59854,2.20251,1.23366,0.64699,0.48885,0.30111,0.18244,0.52653,0.05379,0.01717,0.00198,1.39893,5.99619,0.5228,2.33133,1.38406,0.000564715,0.000564715,0.000564715
8,86.3577,1.28575,6.17446,0.57706,2.15402,1.24277,0.6494,0.44811,0.29163,0.17868,0.52886,0.05833,0.04118,0.00503,1.42124,5.63086,0.47155,2.13522,1.40583,0.000560834,0.000560834,0.000560834
9,95.1001,1.26457,5.79275,0.56036,2.08295,1.20077,0.7083,0.36277,0.32479,0.19861,0.5501,0.08598,0.05143,0.00746,1.3595,5.38597,0.4401,2.38106,1.37454,0.000556954,0.000556954,0.000556954
10,103.159,1.28499,5.39886,0.54567,2.0862,1.24057,0.56603,0.39676,0.33411,0.20252,0.43536,0.11957,0.07522,0.01017,1.26762,5.08467,0.39358,2.3802,1.35932,0.000553073,0.000553073,0.000553073
11,112.34,1.28387,5.00361,0.52199,2.0314,1.25919,0.76948,0.35314,0.3448,0.20904,0.66337,0.2183,0.16723,0.03108,1.31982,4.69461,0.35838,2.00954,1.36655,0.000549192,0.000549192,0.000549192
12,119.894,1.27839,4.81262,0.50799,1.98545,1.23732,0.79169,0.25888,0.3627,0.22148,0.68639,0.1737,0.18574,0.03868,1.28862,4.49632,0.33735,2.41502,1.32384,0.000545311,0.000545311,0.000545311
13,129.206,1.24771,4.59517,0.49881,1.96645,1.22534,0.73365,0.37613,0.36037,0.21526,0.66998,0.24931,0.21429,0.04544,1.2831,4.2298,0.29793,2.27664,1.31937,0.00054143,0.00054143,0.00054143
14,138.838,1.23368,4.48804,0.47897,1.90301,1.22495,0.78745,0.3691,0.40297,0.24323,0.74118,0.32454,0.30282,0.08409,1.3701,3.78625,0.27743,2.05641,1.43478,0.00053755,0.00053755,0.00053755
15,146.69,1.25142,4.19709,0.47759,1.81539,1.21125,0.72093,0.42972,0.36113,0.22824,0.68848,0.32735,0.25012,0.05882,1.25281,3.78679,0.23835,1.9115,1.31129,0.000533669,0.000533669,0.000533669
16,155.937,1.22948,4.10975,0.45515,1.82521,1.21834,0.74172,0.33884,0.36615,0.22391,0.73347,0.31886,0.31933,0.10794,1.34204,3.41944,0.22116,2.03271,1.35854,0.000529788,0.000529788,0.000529788
17,163.797,1.22131,4.00636,0.45141,1.77027,1.21941,0.75558,0.34657,0.37069,0.22753,0.74501,0.31406,0.31922,0.09472,1.29087,3.42671,0.2044,1.94809,1.33191,0.000525907,0.000525907,0.000525907
18,173.06,1.22033,3.90172,0.44239,1.75264,1.20279,0.76755,0.31981,0.37821,0.2347,0.75514,0.30651,0.34553,0.12147,1.23849,3.30266,0.19047,2.1131,1.31006,0.000522026,0.000522026,0.000522026
19,182.646,1.20058,3.69819,0.43253,1.66143,1.18545,0.82206,0.33725,0.4314,0.27181,0.80957,0.32297,0.3839,0.12938,1.23946,3.3445,0.18526,2.09301,1.29731,0.000518146,0.000518146,0.000518146
20,190.607,1.2075,3.74326,0.4433,1.7049,1.1943,0.43727,0.51615,0.41202,0.26493,0.4097,0.43301,0.34867,0.11388,1.24558,3.34532,0.16193,1.92419,1.31436,0.000514265,0.000514265,0.000514265
21,199.732,1.20052,3.5861,0.39717,1.60983,1.19156,0.67719,0.39211,0.39949,0.25799,0.7553,0.33426,0.33585,0.12463,1.25986,3.25714,0.15539,2.17443,1.34733,0.000510384,0.000510384,0.000510384
22,209.148,1.1744,3.4998,0.41869,1.60007,1.19518,0.41335,0.40875,0.40778,0.26869,0.83678,0.3089,0.35904,0.13176,1.21078,3.24064,0.14725,1.83193,1.3174,0.000506503,0.000506503,0.000506503
23,216.768,1.18704,3.45762,0.41698,1.58691,1.18773,0.79313,0.37217,0.46788,0.29784,0.76471,0.33082,0.40007,0.15092,1.30177,3.05659,0.1446,1.79726,1.33456,0.000502622,0.000502622,0.000502622
24,225.951,1.1987,3.45548,0.42207,1.58674,1.19989,0.40865,0.40417,0.4176,0.2676,0.38898,0.35046,0.37137,0.15098,1.33285,3.02529,0.14349,1.77866,1.38622,0.000498742,0.000498742,0.000498742
25,232.849,1.17031,3.20459,0.3809,1.46645,1.1776,0.43267,0.57546,0.40866,0.27616,0.41334,0.43737,0.38337,0.15135,1.22156,2.93302,0.13094,1.60824,1.28588,0.000494861,0.000494861,0.000494861
26,242.412,1.14244,3.1485,0.38464,1.48791,1.19729,0.64053,0.45298,0.42983,0.27508,0.61979,0.41389,0.36294,0.13526,1.28261,3.10593,0.12688,1.58951,1.34716,0.00049098,0.00049098,0.00049098
27,253.661,1.15588,3.1789,0.39666,1.51354,1.19503,0.79527,0.34886,0.40348,0.2616,0.60785,0.35624,0.35764,0.13919,1.24942,2.98349,0.12761,1.86357,1.30869,0.000487099,0.000487099,0.000487099
28,261.569,1.14675,3.15601,0.39274,1.40009,1.17842,0.64649,0.50313,0.43723,0.28431,0.63072,0.48253,0.37994,0.15033,1.24469,2.98877,0.11374,1.57275,1.3251,0.000483218,0.000483218,0.000483218
29,270.564,1.15153,3.13642,0.39202,1.45881,1.19303,0.51366,0.52919,0.44944,0.28691,0.43341,0.41524,0.34936,0.13111,1.24366,3.11683,0.11029,1.66038,1.34142,0.000479338,0.000479338,0.000479338
30,279.106,1.14418,3.06077,0.35999,1.37422,1.1753,0.47694,0.46799,0.43997,0.27512,0.89442,0.27256,0.36592,0.14638,1.28369,2.94726,0.11649,1.57788,1.33958,0.000475457,0.000475457,0.000475457
31,287.399,1.16386,3.18391,0.4026,1.39647,1.18094,0.69093,0.50991,0.49244,0.32076,0.61102,0.39301,0.40514,0.16477,1.2249,2.86367,0.10927,1.57608,1.33026,0.000471576,0.000471576,0.000471576
32,297.289,1.12802,2.91233,0.37821,1.36181,1.16156,0.64762,0.49449,0.52176,0.34217,0.51878,0.42222,0.40712,0.16108,1.23351,2.8708,0.10405,1.41635,1.34791,0.000467695,0.000467695,0.000467695
33,304.953,1.10542,2.93711,0.38122,1.31344,1.16535,0.57385,0.61996,0.52119,0.33695,0.31866,0.55278,0.42306,0.15891,1.2009,2.93072,0.10482,1.52831,1.32451,0.000463814,0.000463814,0.000463814
34,314.095,1.14236,2.94144,0.36188,1.30839,1.18277,0.74653,0.44422,0.52982,0.33828,0.56785,0.40274,0.4175,0.16889,1.22926,3.0077,0.10613,1.67855,1.34835,0.000459934,0.000459934,0.000459934
35,322.865,1.13577,3.00762,0.37877,1.33288,1.18365,0.58448,0.58085,0.58256,0.38252,0.52081,0.43241,0.46039,0.1765,1.20029,2.83281,0.09637,1.59806,1.31407,0.000456053,0.000456053,0.000456053
36,330.602,1.14711,2.86943,0.3734,1.29058,1.1764,0.85671,0.39367,0.58889,0.38568,0.41391,0.48699,0.465,0.17794,1.26231,2.96713,0.1045,1.36566,1.36047,0.000452172,0.000452172,0.000452172
37,339.994,1.10545,2.75041,0.3579,1.24052,1.12947,0.79353,0.4625,0.57687,0.38729,0.78599,0.33329,0.45851,0.18531,1.19376,2.8315,0.09905,1.52782,1.30526,0.000448291,0.000448291,0.000448291
38,347.567,1.1233,2.84397,0.38463,1.22565,1.15806,0.47177,0.56679,0.55386,0.363,0.35879,0.54167,0.44504,0.16388,1.19001,3.06308,0.10187,1.81048,1.3164,0.00044441,0.00044441,0.00044441
39,356.533,1.11597,2.83813,0.37872,1.19264,1.15567,0.4472,0.53663,0.55463,0.35129,0.36258,0.47685,0.41672,0.16511,1.2566,2.92303,0.09397,1.48291,1.35913,0.00044053,0.00044053,0.00044053
40,365.65,1.14541,2.79459,0.36398,1.2639,1.16563,0.57184,0.64044,0.59869,0.40606,0.49348,0.541,0.46978,0.19208,1.21144,2.83692,0.09747,1.33098,1.29789,0.000436649,0.000436649,0.000436649
41,373.551,1.12014,2.6969,0.37573,1.1733,1.14694,0.52972,0.58455,0.618,0.40988,0.46679,0.52997,0.53645,0.19867,1.23082,2.69518,0.08685,1.18772,1.28921,0.000432768,0.000432768,0.000432768
42,382.988,1.11811,2.68225,0.37242,1.19406,1.1563,0.62937,0.56099,0.62497,0.39963,0.53329,0.49109,0.47431,0.18141,1.30246,2.87464,0.09727,1.54131,1.39124,0.000428887,0.000428887,0.000428887
43,390.464,1.10655,2.66148,0.36962,1.16363,1.15388,0.70471,0.48955,0.53075,0.36708,0.61932,0.45324,0.45866,0.16665,1.24515,2.82596,0.09185,1.55794,1.32675,0.000425006,0.000425006,0.000425006
44,399.667,1.08076,2.64348,0.35555,1.12619,1.14532,0.43493,0.68129,0.62731,0.4047,0.41893,0.61879,0.52245,0.18884,1.16793,2.97721,0.09042,1.85523,1.32414,0.000421126,0.000421126,0.000421126
45,408.401,1.0976,2.63744,0.3664,1.16265,1.15789,0.84004,0.4023,0.61075,0.4168,0.3987,0.4351,0.47442,0.18585,1.21139,2.76839,0.08428,1.45003,1.31125,0.000417245,0.000417245,0.000417245
46,417.125,1.08338,2.61861,0.39154,1.15831,1.16038,0.50256,0.76646,0.6768,0.45602,0.4616,0.64012,0.52789,0.20392,1.16011,2.74697,0.08471,1.43335,1.29624,0.000413364,0.000413364,0.000413364
47,426.127,1.09443,2.53978,0.34574,1.0944,1.14439,0.68344,0.68568,0.74999,0.50063,0.53148,0.63056,0.60733,0.22751,1.23333,2.71251,0.08329,1.17938,1.30748,0.000409483,0.000409483,0.000409483
48,434.042,1.08688,2.66395,0.35902,1.12889,1.15298,0.5046,0.55181,0.59424,0.39577,0.4391,0.47114,0.48929,0.18681,1.25206,2.83569,0.08689,1.43458,1.32209,0.000405602,0.000405602,0.000405602
49,443.16,1.05622,2.55828,0.36277,1.07862,1.13423,0.48273,0.73148,0.664,0.43481,0.43456,0.62136,0.55566,0.21142,1.238,2.69702,0.0803,1.15264,1.3321,0.000401722,0.000401722,0.000401722
50,452.671,1.07463,2.46947,0.36804,1.07416,1.13042,0.54024,0.59616,0.64103,0.42313,0.47983,0.51776,0.53239,0.20436,1.23497,2.85424,0.0896,1.52554,1.35509,0.000397841,0.000397841,0.000397841
51,460.32,1.07182,2.5757,0.38873,1.1165,1.15381,0.59394,0.66039,0.67487,0.458,0.55266,0.60749,0.59051,0.21762,1.21389,2.7764,0.08231,1.28836,1.3107,0.00039396,0.00039396,0.00039396
52,470.152,1.05417,2.49012,0.34069,1.06757,1.13421,0.60602,0.70516,0.71832,0.48292,0.54924,0.62482,0.62073,0.22378,1.16142,2.66271,0.07643,1.20115,1.28158,0.000390079,0.000390079,0.000390079
53,477.916,1.06349,2.51477,0.35476,1.09002,1.13406,0.59443,0.61978,0.63356,0.42138,0.56432,0.56717,0.57794,0.21959,1.26289,2.63733,0.08092,1.33132,1.3257,0.000386198,0.000386198,0.000386198
54,487.107,1.04965,2.39407,0.36619,1.03792,1.1262,0.58329,0.60546,0.67413,0.45266,0.53464,0.5484,0.56198,0.20803,1.25282,2.69712,0.0757,1.37763,1.32351,0.000382318,0.000382318,0.000382318
55,497.983,1.06791,2.47257,0.34911,1.01755,1.12592,0.56471,0.67096,0.69171,0.45916,0.50874,0.57731,0.56488,0.21801,1.19616,2.73861,0.076,1.32785,1.31857,0.000378437,0.000378437,0.000378437
56,506.631,1.05955,2.34389,0.36271,1.01918,1.13418,0.57725,0.63415,0.70736,0.48798,0.51797,0.594,0.6215,0.22724,1.18243,2.71279,0.08025,1.30252,1.31303,0.000374556,0.000374556,0.000374556
57,515.564,1.07067,2.34457,0.34796,1.04288,1.12968,0.71718,0.61459,0.70345,0.47158,0.63201,0.56643,0.61259,0.23211,1.20654,2.70224,0.07745,1.51897,1.33712,0.000370675,0.000370675,0.000370675
58,523.753,1.0493,2.44566,0.35404,1.04057,1.12127,0.6286,0.7091,0.76017,0.51697,0.59147,0.67931,0.67845,0.23669,1.19239,2.71053,0.07278,1.30426,1.30221,0.000366794,0.000366794,0.000366794
59,532.848,1.06395,2.38914,0.35784,1.01119,1.11961,0.61746,0.72992,0.74897,0.5163,0.57569,0.70126,0.70333,0.25959,1.1781,2.60735,0.07889,1.07457,1.29196,0.000362914,0.000362914,0.000362914
60,542.288,1.03445,2.29019,0.35894,0.98422,1.11532,0.62021,0.67995,0.74065,0.50017,0.51802,0.56973,0.5824,0.23607,1.12228,2.6858,0.07495,1.49036,1.2703,0.000359033,0.000359033,0.000359033
61,549.855,1.02473,2.22279,0.33428,0.96091,1.09998,0.6336,0.64412,0.71387,0.47475,0.5208,0.52577,0.59584,0.23358,1.16706,2.69059,0.07374,1.33261,1.28842,0.000355152,0.000355152,0.000355152
62,559.472,1.04179,2.31856,0.35326,0.99673,1.11651,0.69378,0.68751,0.71074,0.49535,0.57089,0.57383,0.59943,0.23375,1.19885,2.6952,0.07069,1.32951,1.31757,0.000351271,0.000351271,0.000351271
63,568.269,1.01625,2.27694,0.34449,1.0067,1.11115,0.63414,0.72795,0.7285,0.50119,0.56573,0.6446,0.60855,0.23326,1.16646,2.63395,0.06772,1.22847,1.27767,0.00034739,0.00034739,0.00034739
64,576.726,1.01547,2.26152,0.33542,0.96735,1.11064,0.62584,0.74124,0.71979,0.48903,0.5975,0.7091,0.68395,0.26375,1.21735,2.60956,0.07274,1.15739,1.32349,0.00034351,0.00034351,0.00034351
65,586.052,0.99746,2.262,0.33272,0.98717,1.10442,0.56915,0.67417,0.71216,0.47858,0.54403,0.59224,0.61509,0.24117,1.18512,2.62643,0.06874,1.40756,1.31467,0.000339629,0.000339629,0.000339629
66,593.903,1.01423,2.2504,0.33046,0.97528,1.10975,0.67636,0.67557,0.72686,0.50639,0.64225,0.63258,0.63875,0.23585,1.16423,2.6937,0.06783,1.49092,1.29547,0.000335748,0.000335748,0.000335748
67,603.35,1.03515,2.27947,0.34743,1.00403,1.11352,0.69057,0.67169,0.7778,0.53988,0.62654,0.60918,0.66864,0.23468,1.1793,2.70288,0.07013,1.36295,1.29697,0.000331867,0.000331867,0.000331867
68,612.431,1.00862,2.215,0.33595,0.93392,1.11237,0.70612,0.66245,0.75202,0.53432,0.5946,0.57799,0.61279,0.22761,1.17801,2.68276,0.06496,1.49592,1.29228,0.000327986,0.000327986,0.000327986
69,619.965,0.98499,2.15822,0.32623,0.91761,1.08587,0.68286,0.73816,0.77968,0.52905,0.62314,0.68179,0.69764,0.27119,1.18508,2.56081,0.06715,1.24821,1.31991,0.000324106,0.000324106,0.000324106
70,630.005,1.01201,2.15763,0.35442,0.93132,1.09487,0.7041,0.76001,0.8077,0.55246,0.62206,0.68573,0.70484,0.29836,1.17116,2.52559,0.06592,1.10765,1.29406,0.000320225,0.000320225,0.000320225
71,638.352,1.00984,2.22081,0.3464,0.93514,1.11426,0.65041,0.75489,0.76952,0.52159,0.5911,0.69623,0.68353,0.27254,1.21415,2.57735,0.0649,1.34873,1.33247,0.000316344,0.000316344,0.000316344
72,646.793,0.99521,2.09292,0.33271,0.89404,1.10147,0.59929,0.73748,0.74753,0.50504,0.52995,0.63643,0.61811,0.24755,1.18543,2.61982,0.06489,1.26113,1.29809,0.000312463,0.000312463,0.000312463
73,655.667,0.99226,2.20139,0.33595,0.91422,1.10214,0.67521,0.7981,0.81335,0.54997,0.57724,0.69216,0.68327,0.28787,1.21606,2.5434,0.06574,1.06497,1.31082,0.000308582,0.000308582,0.000308582
74,663.596,0.9917,2.19936,0.34477,0.88401,1.09364,0.75218,0.67649,0.80789,0.5486,0.67727,0.58915,0.7069,0.28831,1.19309,2.52614,0.0634,1.04984,1.30432,0.000304702,0.000304702,0.000304702
75,673.011,0.98823,2.07274,0.32329,0.85663,1.0883,0.62769,0.73985,0.74935,0.51176,0.58331,0.69016,0.67254,0.28464,1.18244,2.49292,0.06726,1.09971,1.29496,0.000300821,0.000300821,0.000300821
76,681.68,0.99105,2.03816,0.31953,0.86869,1.09561,0.67994,0.66346,0.77795,0.52868,0.59963,0.61759,0.65934,0.2786,1.20492,2.53719,0.06281,1.22925,1.31165,0.00029694,0.00029694,0.00029694
77,691.202,0.98127,2.1163,0.32135,0.8749,1.0943,0.70748,0.71154,0.78939,0.53869,0.57178,0.65937,0.64616,0.25537,1.20867,2.59432,0.0586,1.15366,1.30594,0.000293059,0.000293059,0.000293059
78,700.804,0.98844,2.11614,0.32092,0.90094,1.10176,0.67808,0.77044,0.79339,0.54205,0.63246,0.72044,0.72722,0.29369,1.22967,2.45912,0.06149,0.99154,1.33769,0.000289178,0.000289178,0.000289178
79,709.005,0.97291,2.00335,0.3116,0.86722,1.08593,0.75367,0.77765,0.834,0.58167,0.68598,0.70813,0.75225,0.29335,1.16693,2.48472,0.06021,1.0094,1.2767,0.000285298,0.000285298,0.000285298
80,718.496,0.94731,1.95127,0.3059,0.83487,1.06737,0.70822,0.7656,0.80361,0.53757,0.63595,0.70342,0.69623,0.2845,1.24366,2.57533,0.06274,1.26226,1.32185,0.000281417,0.000281417,0.000281417
81,728.488,0.98499,2.06944,0.32552,0.85358,1.09872,0.71798,0.80654,0.83236,0.5736,0.6684,0.7613,0.76428,0.29895,1.15418,2.46034,0.05541,1.03537,1.27432,0.000277536,0.000277536,0.000277536
82,736.079,0.97694,1.99167,0.30998,0.83153,1.08713,0.75645,0.74586,0.8163,0.54331,0.65725,0.65689,0.68734,0.29813,1.19841,2.46701,0.05514,1.04177,1.3073,0.000273655,0.000273655,0.000273655
83,747.274,0.97895,2.002,0.31493,0.86148,1.08945,0.7273,0.80437,0.83151,0.5606,0.62147,0.64676,0.68303,0.30273,1.23342,2.47197,0.06134,1.01046,1.3233,0.000269774,0.000269774,0.000269774
84,756.903,0.97824,1.9727,0.30619,0.85818,1.08655,0.75918,0.83608,0.86991,0.59142,0.70189,0.78718,0.78598,0.31438,1.21108,2.48829,0.05519,0.94114,1.328,0.000265894,0.000265894,0.000265894
85,764.812,0.95121,1.94631,0.30978,0.81211,1.07799,0.63652,0.80585,0.80849,0.55887,0.55003,0.70694,0.68962,0.28896,1.16211,2.50406,0.05412,1.13918,1.28616,0.000262013,0.000262013,0.000262013
86,774.194,0.98361,1.9465,0.28819,0.81485,1.09119,0.80749,0.76485,0.83983,0.55513,0.70034,0.67585,0.71584,0.2968,1.21823,2.44668,0.05565,1.01848,1.30797,0.000258132,0.000258132,0.000258132
87,782.498,0.93266,1.97171,0.30667,0.8326,1.06954,0.75182,0.72197,0.79044,0.53985,0.65149,0.61791,0.66821,0.2779,1.19589,2.47896,0.05321,1.06176,1.30861,0.000254251,0.000254251,0.000254251
88,792.123,0.92004,1.91946,0.3176,0.80069,1.08698,0.75938,0.62371,0.79772,0.54415,0.65696,0.54306,0.65469,0.28476,1.19811,2.54919,0.05547,1.19837,1.32181,0.00025037,0.00025037,0.00025037
89,801.454,0.92969,1.91614,0.30542,0.81998,1.06657,0.8568,0.79409,0.85359,0.59614,0.75702,0.70537,0.73243,0.32879,1.17641,2.4548,0.05546,1.0288,1.29155,0.00024649,0.00024649,0.00024649
90,809.114,0.94909,1.9382,0.3037,0.79171,1.08662,0.72306,0.78615,0.82343,0.57155,0.64442,0.64637,0.67486,0.27337,1.17618,2.56991,0.05257,1.27341,1.30906,0.000242609,0.000242609,0.000242609
91,818.766,0.92431,1.89746,0.32466,0.8049,1.08056,0.70922,0.74971,0.79788,0.54199,0.63173,0.68504,0.68709,0.2917,1.18579,2.46356,0.05262,1.12573,1.30745,0.000238728,0.000238728,0.000238728
92,826.966,0.93393,1.91174,0.30642,0.7993,1.0804,0.79787,0.74597,0.83429,0.56946,0.69827,0.67341,0.71556,0.31154,1.19047,2.38287,0.05306,0.95966,1.29745,0.000234847,0.000234847,0.000234847
93,835.586,0.94862,1.84273,0.28598,0.79044,1.08553,0.76075,0.77386,0.8166,0.55796,0.67685,0.70348,0.6958,0.30654,1.20958,2.45004,0.0574,1.09178,1.30261,0.000230966,0.000230966,0.000230966
94,845.469,0.9464,1.86093,0.29866,0.801,1.08478,0.69968,0.75514,0.78542,0.54701,0.61875,0.68014,0.66718,0.28238,1.20172,2.45055,0.0535,1.19221,1.33587,0.000227086,0.000227086,0.000227086
95,852.605,0.93765,1.87766,0.30754,0.79232,1.07285,0.7799,0.78358,0.83316,0.59133,0.71797,0.72965,0.73397,0.32025,1.17243,2.36451,0.05412,1.00972,1.28635,0.000223205,0.000223205,0.000223205
96,861.702,0.94912,1.88187,0.29485,0.7639,1.07831,0.68481,0.68503,0.73082,0.50105,0.60885,0.6149,0.61388,0.26624,1.20026,2.46823,0.05017,1.14217,1.31119,0.000219324,0.000219324,0.000219324
97,869.689,0.94941,1.91564,0.29635,0.78869,1.06588,0.75499,0.71044,0.79112,0.52296,0.67835,0.63992,0.69055,0.30018,1.19774,2.42976,0.053,1.01926,1.30039,0.000215443,0.000215443,0.000215443
98,878.313,0.92656,1.84245,0.29431,0.76506,1.06509,0.73648,0.73931,0.81917,0.54067,0.68065,0.71021,0.76863,0.30522,1.22068,2.34593,0.05072,0.98677,1.30755,0.000211562,0.000211562,0.000211562
99,887.749,0.90622,1.77768,0.28869,0.76293,1.06952,0.71353,0.7927,0.80772,0.54551,0.61384,0.71558,0.69099,0.30748,1.19075,2.38996,0.05344,1.06991,1.29767,0.000207682,0.000207682,0.000207682
100,895.389,0.92188,1.81636,0.29247,0.74922,1.07729,0.73518,0.70621,0.80438,0.54406,0.68168,0.65681,0.68959,0.31726,1.16268,2.44657,0.05077,1.28792,1.30674,0.000203801,0.000203801,0.000203801
101,905.089,0.92079,1.83967,0.2901,0.74442,1.06096,0.76135,0.75894,0.82066,0.54455,0.68127,0.68618,0.70337,0.32377,1.20829,2.36846,0.04997,1.06419,1.30806,0.00019992,0.00019992,0.00019992
102,914.082,0.93543,1.89164,0.2737,0.77834,1.08736,0.76465,0.76749,0.8293,0.55948,0.67892,0.69343,0.71358,0.3322,1.1809,2.33764,0.04733,0.94989,1.31587,0.000196039,0.000196039,0.000196039
103,922.665,0.92155,1.89816,0.29699,0.77829,1.07758,0.82935,0.72636,0.83272,0.56313,0.79868,0.65136,0.74228,0.33116,1.17138,2.37392,0.0489,0.96205,1.29432,0.000192158,0.000192158,0.000192158
104,932.682,0.89853,1.78615,0.28069,0.71563,1.0552,0.7942,0.78009,0.8396,0.57237,0.71252,0.71272,0.72251,0.33198,1.17011,2.40096,0.04936,0.88314,1.30052,0.000188278,0.000188278,0.000188278
105,941.069,0.91209,1.78574,0.2798,0.77332,1.0734,0.76911,0.81322,0.8511,0.57871,0.65562,0.70141,0.69965,0.32852,1.19378,2.40513,0.04809,0.99879,1.31862,0.000184397,0.000184397,0.000184397
106,950.03,0.91713,1.80931,0.29136,0.75571,1.07589,0.75867,0.79253,0.85256,0.58224,0.67264,0.71821,0.7322,0.34643,1.20453,2.39179,0.04709,1.02279,1.33422,0.000180516,0.000180516,0.000180516
107,959.627,0.90712,1.8428,0.29499,0.74704,1.07128,0.78453,0.80681,0.85432,0.5675,0.6889,0.73408,0.73293,0.33344,1.21306,2.42781,0.04661,1.05059,1.33482,0.000176635,0.000176635,0.000176635
108,967.591,0.88465,1.76469,0.27403,0.71761,1.04994,0.77247,0.78726,0.85147,0.57186,0.67366,0.71426,0.73271,0.33946,1.19018,2.35369,0.04833,0.95365,1.31332,0.000172754,0.000172754,0.000172754
109,977.441,0.90282,1.80287,0.28833,0.73094,1.06387,0.83986,0.70123,0.83399,0.56912,0.64938,0.71115,0.72448,0.32141,1.17302,2.38238,0.04655,1.0714,1.30117,0.000168874,0.000168874,0.000168874
110,986.469,0.89173,1.74529,0.28159,0.7102,1.04903,0.80827,0.69058,0.81471,0.53986,0.72169,0.62193,0.70129,0.31105,1.20122,2.38936,0.04699,1.07813,1.32262,0.000164993,0.000164993,0.000164993
111,995.417,0.89824,1.70378,0.26586,0.7118,1.05445,0.73765,0.74686,0.8091,0.54484,0.66584,0.67611,0.69302,0.30786,1.20363,2.37108,0.0456,1.02242,1.3138,0.000161112,0.000161112,0.000161112
112,1005.6,0.88502,1.74352,0.2819,0.70701,1.06217,0.7558,0.77782,0.83455,0.55575,0.67361,0.69162,0.7078,0.32314,1.19652,2.39566,0.04523,1.0046,1.3152,0.000157231,0.000157231,0.000157231
113,1015.34,0.89408,1.75388,0.27804,0.69338,1.05511,0.79532,0.74919,0.82818,0.54944,0.71859,0.6828,0.71693,0.33193,1.20833,2.35711,0.04422,1.03539,1.32469,0.00015335,0.00015335,0.00015335
114,1023.62,0.89505,1.76087,0.27602,0.72159,1.05375,0.79316,0.72872,0.8262,0.55617,0.70749,0.66231,0.72571,0.31563,1.19196,2.37031,0.04237,1.04252,1.31899,0.00014947,0.00014947,0.00014947
115,1033.06,0.89158,1.77261,0.26353,0.72382,1.05183,0.82081,0.81041,0.84938,0.56901,0.74643,0.74444,0.74914,0.32519,1.18983,2.35839,0.04246,0.96179,1.31549,0.000145589,0.000145589,0.000145589
116,1041.33,0.84,1.65099,0.26265,0.67123,1.03469,0.81484,0.79742,0.85816,0.58676,0.73269,0.72908,0.74584,0.34248,1.17826,2.32152,0.04272,0.93187,1.30166,0.000141708,0.000141708,0.000141708
117,1050.36,0.86197,1.66587,0.26909,0.67762,1.04759,0.80807,0.79521,0.86109,0.58619,0.72732,0.72582,0.75936,0.35667,1.18874,2.28567,0.04357,0.89277,1.3104,0.000137827,0.000137827,0.000137827
118,1059.41,0.87657,1.70405,0.26643,0.70029,1.04699,0.83054,0.7752,0.8694,0.59075,0.7529,0.70872,0.75898,0.36045,1.18468,2.30748,0.04378,0.92762,1.30899,0.000133946,0.000133946,0.000133946
119,1067.42,0.88075,1.71235,0.26174,0.6942,1.04336,0.87138,0.77454,0.87376,0.58888,0.78286,0.7037,0.76421,0.35029,1.19443,2.32204,0.04378,0.92259,1.33182,0.000130066,0.000130066,0.000130066
120,1076.69,0.85263,1.73878,0.28168,0.69904,1.03843,0.82435,0.77511,0.85589,0.57039,0.74054,0.70469,0.75766,0.33688,1.21495,2.30924,0.04013,0.90302,1.34313,0.000126185,0.000126185,0.000126185
121,1085.27,0.87068,1.74767,0.26753,0.6872,1.04599,0.87389,0.7486,0.85763,0.58239,0.78137,0.67824,0.75758,0.35957,1.1993,2.33862,0.04101,0.91409,1.32626,0.000122304,0.000122304,0.000122304
122,1093.36,0.87325,1.71478,0.25764,0.6966,1.05847,0.81964,0.74232,0.84727,0.57077,0.74014,0.66056,0.74425,0.34464,1.19839,2.32551,0.04044,0.99296,1.32573,0.000118423,0.000118423,0.000118423
123,1102.75,0.88257,1.70597,0.2705,0.69329,1.05989,0.82474,0.73936,0.8483,0.55477,0.7342,0.67391,0.7469,0.35294,1.23538,2.30028,0.04111,0.93828,1.33316,0.000114542,0.000114542,0.000114542
124,1110.29,0.87588,1.67694,0.2691,0.66792,1.04604,0.78266,0.76852,0.84239,0.56791,0.69599,0.69797,0.7289,0.34203,1.20862,2.33159,0.04347,0.97663,1.31326,0.000110662,0.000110662,0.000110662
125,1119.84,0.86307,1.65348,0.26752,0.68655,1.04729,0.81994,0.78347,0.84025,0.57302,0.73607,0.71464,0.73666,0.34224,1.19063,2.34973,0.04494,1.00797,1.3056,0.000106781,0.000106781,0.000106781
126,1128.7,0.86193,1.70072,0.26743,0.66802,1.03225,0.83958,0.78454,0.86329,0.57602,0.74967,0.71728,0.75265,0.35118,1.19481,2.29261,0.04583,0.92278,1.30739,0.0001029,0.0001029,0.0001029
127,1137.06,0.87338,1.61169,0.25574,0.68287,1.04846,0.80685,0.76463,0.85076,0.57657,0.72429,0.69827,0.74661,0.3404,1.19158,2.30453,0.04364,0.90651,1.31029,9.90192e-05,9.90192e-05,9.90192e-05
128,1146.64,0.85138,1.64914,0.26418,0.64677,1.03367,0.80237,0.75501,0.85119,0.57371,0.71868,0.6847,0.73317,0.34759,1.20107,2.3473,0.04172,0.96901,1.32282,9.51384e-05,9.51384e-05,9.51384e-05
129,1154.62,0.85714,1.6263,0.27421,0.6627,1.03933,0.87232,0.70431,0.8475,0.57535,0.78302,0.6383,0.74732,0.344,1.19814,2.34532,0.04277,0.98622,1.32058,9.12576e-05,9.12576e-05,9.12576e-05
130,1163.73,0.85232,1.69285,0.27174,0.70725,1.03804,0.85022,0.73206,0.85201,0.57295,0.76354,0.66249,0.74253,0.34495,1.21287,2.28058,0.04226,0.9269,1.32532,8.73768e-05,8.73768e-05,8.73768e-05
131,1172.78,0.86188,1.608,0.27528,0.67082,1.05097,0.82414,0.75601,0.85726,0.5799,0.74801,0.69221,0.74291,0.34539,1.20341,2.28812,0.04229,0.91687,1.32484,8.3496e-05,8.3496e-05,8.3496e-05
132,1180.62,0.83704,1.65202,0.26886,0.63864,1.03283,0.87155,0.72712,0.83325,0.56172,0.78475,0.66037,0.72936,0.33046,1.2048,2.32999,0.04092,0.97559,1.32697,7.96152e-05,7.96152e-05,7.96152e-05
133,1189.78,0.83918,1.68019,0.27335,0.6673,1.0292,0.83005,0.7282,0.82328,0.54839,0.73855,0.66308,0.71733,0.33622,1.21155,2.32014,0.04104,0.96897,1.32514,7.57344e-05,7.57344e-05,7.57344e-05
134,1197.71,0.81144,1.57974,0.25678,0.64752,1.01515,0.86534,0.718,0.83674,0.56683,0.79558,0.65349,0.74629,0.35289,1.19535,2.2893,0.04063,0.90713,1.32162,7.18536e-05,7.18536e-05,7.18536e-05
135,1207.47,0.85404,1.67101,0.26753,0.66445,1.03778,0.83934,0.73676,0.84502,0.57495,0.74193,0.67145,0.72881,0.34966,1.19603,2.30976,0.04143,0.9268,1.32286,6.79728e-05,6.79728e-05,6.79728e-05
136,1216.62,0.85765,1.62255,0.26107,0.67348,1.04482,0.80938,0.74847,0.83947,0.56131,0.7148,0.68684,0.72881,0.33172,1.21722,2.3419,0.04025,1.00006,1.33442,6.4092e-05,6.4092e-05,6.4092e-05
137,1224.34,0.84389,1.65028,0.2684,0.67648,1.04418,0.80342,0.76294,0.83658,0.55664,0.72065,0.69259,0.7261,0.33695,1.21095,2.33161,0.04082,1.00547,1.33897,6.02112e-05,6.02112e-05,6.02112e-05
138,1233.51,0.83892,1.59251,0.27513,0.66514,1.0365,0.81932,0.77139,0.84594,0.57546,0.73729,0.70602,0.74354,0.34242,1.2014,2.28591,0.04122,0.93584,1.3335,5.63304e-05,5.63304e-05,5.63304e-05
139,1241.72,0.81261,1.61455,0.2701,0.65144,1.0325,0.86783,0.74335,0.85808,0.5833,0.79063,0.68151,0.75766,0.34312,1.19993,2.2769,0.03997,0.89559,1.33213,5.24496e-05,5.24496e-05,5.24496e-05
140,1252.02,0.82421,1.57361,0.25718,0.64855,1.03667,0.83591,0.76818,0.86552,0.58136,0.76163,0.7065,0.76455,0.34634,1.20723,2.27538,0.04032,0.88159,1.33647,4.85688e-05,4.85688e-05,4.85688e-05
141,1265.97,0.82099,1.43737,0.18553,0.6121,1.03637,0.84234,0.74242,0.85855,0.57716,0.78553,0.65597,0.73793,0.3552,1.21455,2.29014,0.039,0.91251,1.34635,4.4688e-05,4.4688e-05,4.4688e-05
142,1275.24,0.81442,1.43506,0.18026,0.59474,1.03926,0.79132,0.81508,0.84728,0.56845,0.72165,0.74853,0.71912,0.34024,1.22967,2.3152,0.03789,0.99141,1.35599,4.08072e-05,4.08072e-05,4.08072e-05
143,1282.83,0.81185,1.37732,0.16435,0.56658,1.02454,0.84846,0.74438,0.83295,0.55039,0.75219,0.67945,0.70771,0.32738,1.23321,2.31566,0.03618,0.98807,1.35531,3.69264e-05,3.69264e-05,3.69264e-05
144,1292.3,0.79537,1.32719,0.15988,0.55765,1.0295,0.84804,0.73923,0.81258,0.53475,0.77045,0.67973,0.69981,0.317,1.22357,2.32331,0.03599,1.01359,1.35568,3.30456e-05,3.30456e-05,3.30456e-05
145,1299.61,0.78398,1.31164,0.15702,0.53959,1.0168,0.82574,0.75264,0.82554,0.55012,0.73748,0.7008,0.717,0.32475,1.21317,2.31201,0.03521,0.97751,1.34781,2.91648e-05,2.91648e-05,2.91648e-05
146,1308.83,0.78147,1.31725,0.16726,0.534,1.02468,0.82628,0.76793,0.85156,0.57106,0.75419,0.7109,0.74073,0.34025,1.2022,2.29353,0.03505,0.94129,1.33901,2.5284e-05,2.5284e-05,2.5284e-05
147,1316.83,0.77948,1.34296,0.15975,0.55469,1.01771,0.8293,0.77451,0.85391,0.57717,0.75882,0.71012,0.74724,0.34615,1.20364,2.28011,0.03454,0.92333,1.34341,2.14032e-05,2.14032e-05,2.14032e-05
148,1325.06,0.77782,1.33324,0.17751,0.55309,1.03613,0.84296,0.75942,0.84645,0.57035,0.77376,0.70095,0.74054,0.34171,1.20254,2.28469,0.03409,0.93002,1.3442,1.75224e-05,1.75224e-05,1.75224e-05
